uid,target_ind
0,353
1,351
2,349
3,244
4,351
5,8
6,324
7,59
8,168
9,311
10,420
11,309
12,287
13,353
14,315
15,498
16,164
17,54
18,132
19,406
20,392
21,455
22,311
23,132
24,95
25,349
26,97
27,130
28,456
29,350
30,351
31,269
32,427
33,351
34,305
35,270
36,358
37,354
38,249
39,358
40,311
41,290
42,218
43,212
44,453
45,487
46,403
47,208
48,238
49,349
50,422
51,383
52,435
53,249
54,70
55,22
56,230
57,499
58,351
59,315
60,269
61,36
62,439
63,127
64,410
65,264
66,117
67,417
68,351
69,130
70,461
71,349
72,1
73,69
74,413
75,350
76,265
77,294
78,166
79,135
80,14
81,441
82,89
83,78
84,201
85,358
86,349
87,91
88,16
89,108
90,34
91,28
92,185
93,446
94,26
95,307
96,349
97,365
98,91
99,52
100,112
101,346
102,196
103,364
104,479
105,391
106,214
107,198
108,492
109,132
110,351
111,130
112,216
113,349
114,13
115,491
116,18
117,473
118,265
119,27
120,188
121,244
122,358
123,91
124,362
125,104
126,310
127,102
128,387
129,269
130,309
131,55
132,8
133,312
134,91
135,311
136,216
137,315
138,339
139,129
140,104
141,351
142,290
143,317
144,461
145,75
146,349
147,5
148,331
149,349
150,13
151,398
152,495
153,139
154,182
155,349
156,199
157,66
158,338
159,74
160,91
161,489
162,471
163,289
164,95
165,349
166,396
167,141
168,132
169,360
170,478
171,91
172,387
173,434
174,148
175,130
176,365
177,360
178,409
179,50
180,52
181,172
182,180
183,463
184,349
185,216
186,214
187,311
188,247
189,203
190,88
191,445
192,132
193,102
194,353
195,267
196,381
197,446
198,468
199,58
200,353
201,376
202,439
203,85
204,89
205,273
206,373
207,223
208,349
209,43
210,349
211,353
212,167
213,183
214,122
215,395
216,182
217,349
218,358
219,43
220,398
221,439
222,409
223,385
224,198
225,385
226,395
227,95
228,48
229,145
230,364
231,473
232,389
233,366
234,58
235,439
236,499
237,82
238,103
239,337
240,391
241,368
242,90
243,172
244,339
245,299
246,163
247,91
248,172
249,226
250,445
251,226
252,71
253,97
254,363
255,413
256,445
257,249
258,180
259,474
260,338
261,79
262,491
263,350
264,50
265,265
266,349
267,279
268,89
269,495
270,351
271,75
272,155
273,151
274,189
275,272
276,285
277,140
278,379
279,32
280,424
281,378
282,191
283,487
284,231
285,21
286,172
287,103
288,349
289,349
290,218
291,351
292,366
293,470
294,171
295,217
296,166
297,358
298,174
299,390
300,364
301,247
302,166
303,349
304,123
305,394
306,9
307,39
308,179
309,315
310,91
311,367
312,172
313,351
314,235
315,351
316,364
317,370
318,68
319,95
320,135
321,363
322,132
323,214
324,250
325,358
326,473
327,453
328,327
329,349
330,216
331,456
332,74
333,85
334,114
335,42
336,34
337,95
338,291
339,378
340,197
341,130
342,115
343,216
344,351
345,349
346,430
347,421
348,243
349,349
350,72
351,329
352,17
353,351
354,42
355,203
356,361
357,133
358,360
359,346
360,346
361,166
362,287
363,315
364,403
365,413
366,76
367,428
368,346
369,425
370,468
371,270
372,323
373,238
374,238
375,72
376,130
377,289
378,200
379,395
380,476
381,385
382,262
383,60
384,433
385,283
386,428
387,34
388,79
389,91
390,241
391,446
392,333
393,335
394,130
395,166
396,344
397,123
398,149
399,349
400,312
401,362
402,294
403,403
404,193
405,166
406,225
407,487
408,226
409,471
410,346
411,217
412,287
413,310
414,353
415,365
416,223
417,242
418,129
419,370
420,91
421,257
422,74
423,468
424,197
425,497
426,349
427,43
428,114
429,349
430,415
431,350
432,187
433,12
434,117
435,65
436,409
437,91
438,91
439,268
440,172
441,311
442,132
443,390
444,387
445,477
446,398
447,244
448,231
449,363
450,170
451,254
452,361
453,241
454,351
455,312
456,161
457,387
458,129
459,91
460,167
461,7
462,349
463,299
464,470
465,438
466,108
467,492
468,337
469,354
470,87
471,402
472,147
473,42
474,495
475,472
476,120
477,42
478,264
479,161
480,88
481,349
482,57
483,287
484,157
485,329
486,296
487,329
488,104
489,269
490,137
491,41
492,161
493,84
494,249
495,8
496,349
497,65
498,52
499,150
500,338
501,172
502,96
503,172
504,447
505,240
506,349
507,93
508,148
509,321
510,303
511,311
512,349
513,451
514,318
515,145
516,317
517,339
518,358
519,212
520,21
521,354
522,91
523,345
524,297
525,334
526,426
527,470
528,91
529,334
530,152
531,242
532,236
533,248
534,58
535,113
536,349
537,349
538,20
539,60
540,132
541,138
542,395
543,461
544,44
545,311
546,144
547,403
548,186
549,162
550,407
551,137
552,346
553,9
554,346
555,351
556,343
557,211
558,28
559,322
560,444
561,340
562,275
563,409
564,172
565,91
566,320
567,62
568,335
569,216
570,242
571,269
572,130
573,396
574,132
575,91
576,378
577,311
578,91
579,351
580,265
581,270
582,124
583,353
584,139
585,351
586,448
587,186
588,294
589,264
590,467
591,351
592,91
593,91
594,268
595,349
596,428
597,312
598,311
599,487
600,36
601,444
602,145
603,430
604,271
605,354
606,319
607,379
608,91
609,316
610,363
611,245
612,337
613,156
614,91
615,34
616,91
617,111
618,285
619,363
620,182
621,269
622,478
623,374
624,91
625,366
626,222
627,311
628,349
629,13
630,91
631,349
632,66
633,130
634,309
635,349
636,413
637,311
638,132
639,201
640,21
641,288
642,39
643,466
644,452
645,314
646,349
647,28
648,374
649,61
650,472
651,33
652,335
653,74
654,487
655,91
656,172
657,91
658,99
659,353
660,367
661,275
662,351
663,391
664,77
665,360
666,270
667,138
668,311
669,351
670,1
671,326
672,258
673,153
674,21
675,156
676,231
677,239
678,91
679,492
680,172
681,360
682,223
683,400
684,34
685,36
686,8
687,395
688,361
689,340
690,95
691,260
692,349
693,349
694,405
695,152
696,342
697,431
698,330
699,415
700,8
701,145
702,170
703,420
704,371
705,490
706,83
707,428
708,20
709,439
710,269
711,480
712,351
713,441
714,54
715,453
716,12
717,349
718,367
719,216
720,162
721,224
722,217
723,349
724,373
725,165
726,455
727,433
728,406
729,435
730,439
731,247
732,166
733,351
734,243
735,8
736,456
737,54
738,349
739,349
740,17
741,172
742,166
743,48
744,106
745,311
746,349
747,271
748,433
749,307
750,132
751,161
752,351
753,161
754,91
755,45
756,294
757,91
758,349
759,349
760,113
761,269
762,182
763,351
764,91
765,398
766,71
767,123
768,130
769,32
770,275
771,403
772,156
773,157
774,358
775,180
776,329
777,462
778,370
779,226
780,311
781,157
782,244
783,354
784,161
785,91
786,52
787,167
788,448
789,403
790,358
791,446
792,108
793,21
794,45
795,472
796,333
797,91
798,250
799,175
800,235
801,91
802,383
803,250
804,77
805,371
806,119
807,387
808,466
809,415
810,403
811,339
812,350
813,349
814,363
815,147
816,350
817,91
818,439
819,181
820,429
821,147
822,396
823,302
824,350
825,455
826,396
827,222
828,487
829,426
830,77
831,91
832,130
833,350
834,0
835,56
836,92
837,349
838,350
839,231
840,491
841,363
842,480
843,215
844,263
845,162
846,24
847,338
848,169
849,173
850,88
851,161
852,42
853,330
854,460
855,310
856,9
857,480
858,60
859,254
860,160
861,91
862,403
863,364
864,15
865,249
866,375
867,67
868,420
869,58
870,457
871,91
872,222
873,75
874,91
875,387
876,324
877,91
878,192
879,118
880,350
881,407
882,63
883,495
884,215
885,170
886,317
887,403
888,439
889,343
890,103
891,32
892,297
893,180
894,172
895,39
896,128
897,74
898,20
899,363
900,309
901,91
902,349
903,311
904,202
905,120
906,132
907,322
908,426
909,487
910,83
911,349
912,34
913,57
914,364
915,349
916,91
917,161
918,406
919,88
920,312
921,384
922,433
923,248
924,163
925,268
926,311
927,465
928,216
929,480
930,148
931,386
932,93
933,60
934,167
935,350
936,320
937,104
938,128
939,265
940,363
941,333
942,130
943,304
944,410
945,8
946,252
947,349
948,221
949,173
950,303
951,367
952,394
953,286
954,199
955,175
956,384
957,349
958,366
959,277
960,91
961,496
962,453
963,481
964,376
965,403
966,311
967,349
968,148
969,154
970,138
971,287
972,471
973,403
974,173
975,19
976,91
977,413
978,74
979,91
980,300
981,78
982,470
983,35
984,351
985,398
986,104
987,472
988,237
989,91
990,159
991,261
992,478
993,132
994,179
995,351
996,439
997,61
998,228
999,6
1000,197
1001,477
1002,407
1003,349
1004,120
1005,135
1006,223
1007,269
1008,74
1009,98
1010,345
1011,162
1012,75
1013,323
1014,349
1015,349
1016,265
1017,83
1018,330
1019,349
1020,413
1021,238
1022,349
1023,22
1024,311
1025,339
1026,88
1027,299
1028,467
1029,426
1030,493
1031,279
1032,374
1033,91
1034,91
1035,208
1036,449
1037,138
1038,452
1039,130
1040,123
1041,300
1042,203
1043,95
1044,231
1045,181
1046,91
1047,361
1048,485
1049,144
1050,48
1051,137
1052,293
1053,342
1054,38
1055,336
1056,88
1057,215
1058,339
1059,490
1060,350
1061,199
1062,65
1063,379
1064,378
1065,265
1066,480
1067,299
1068,367
1069,25
1070,17
1071,199
1072,343
1073,349
1074,479
1075,487
1076,43
1077,119
1078,327
1079,421
1080,449
1081,164
1082,492
1083,291
1084,353
1085,258
1086,277
1087,133
1088,309
1089,353
1090,172
1091,278
1092,161
1093,480
1094,427
1095,129
1096,440
1097,238
1098,339
1099,475
1100,86
1101,311
1102,329
1103,91
1104,349
1105,413
1106,41
1107,439
1108,91
1109,164
1110,496
1111,281
1112,353
1113,8
1114,103
1115,104
1116,448
1117,291
1118,403
1119,290
1120,351
1121,443
1122,31
1123,278
1124,247
1125,349
1126,169
1127,329
1128,119
1129,91
1130,223
1131,90
1132,354
1133,350
1134,453
1135,12
1136,369
1137,103
1138,476
1139,8
1140,139
1141,303
1142,12
1143,273
1144,385
1145,123
1146,130
1147,166
1148,222
1149,398
1150,216
1151,398
1152,203
1153,91
1154,283
1155,91
1156,91
1157,422
1158,91
1159,443
1160,0
1161,294
1162,159
1163,231
1164,262
1165,350
1166,285
1167,220
1168,91
1169,386
1170,25
1171,194
1172,180
1173,453
1174,130
1175,339
1176,95
1177,481
1178,456
1179,58
1180,484
1181,133
1182,26
1183,385
1184,340
1185,123
1186,58
1187,294
1188,130
1189,137
1190,349
1191,199
1192,311
1193,34
1194,294
1195,91
1196,47
1197,172
1198,49
1199,203
1200,269
1201,380
1202,30
1203,265
1204,331
1205,129
1206,360
1207,133
1208,60
1209,76
1210,172
1211,349
1212,156
1213,91
1214,266
1215,233
1216,410
1217,300
1218,91
1219,195
1220,130
1221,398
1222,387
1223,3
1224,467
1225,439
1226,336
1227,62
1228,383
1229,113
1230,307
1231,365
1232,493
1233,469
1234,23
1235,497
1236,349
1237,121
1238,332
1239,484
1240,199
1241,216
1242,367
1243,133
1244,34
1245,438
1246,403
1247,318
1248,181
1249,236
1250,43
1251,337
1252,130
1253,275
1254,287
1255,407
1256,57
1257,429
1258,439
1259,157
1260,132
1261,245
1262,43
1263,91
1264,72
1265,339
1266,312
1267,314
1268,499
1269,481
1270,292
1271,402
1272,316
1273,474
1274,480
1275,350
1276,293
1277,239
1278,199
1279,174
1280,468
1281,18
1282,147
1283,106
1284,74
1285,57
1286,199
1287,15
1288,5
1289,353
1290,95
1291,147
1292,164
1293,18
1294,161
1295,88
1296,446
1297,349
1298,164
1299,421
1300,102
1301,495
1302,468
1303,451
1304,349
1305,21
1306,285
1307,81
1308,195
1309,360
1310,23
1311,498
1312,315
1313,430
1314,213
1315,91
1316,237
1317,495
1318,461
1319,72
1320,351
1321,349
1322,39
1323,329
1324,270
1325,418
1326,371
1327,439
1328,140
1329,91
1330,124
1331,351
1332,234
1333,132
1334,273
1335,188
1336,315
1337,198
1338,161
1339,349
1340,130
1341,22
1342,244
1343,403
1344,440
1345,407
1346,91
1347,340
1348,361
1349,4
1350,244
1351,91
1352,304
1353,478
1354,172
1355,36
1356,66
1357,429
1358,487
1359,3
1360,156
1361,367
1362,350
1363,349
1364,135
1365,452
1366,364
1367,83
1368,398
1369,191
1370,91
1371,172
1372,166
1373,188
1374,376
1375,52
1376,287
1377,351
1378,100
1379,91
1380,351
1381,349
1382,132
1383,482
1384,363
1385,311
1386,496
1387,388
1388,364
1389,147
1390,486
1391,349
1392,398
1393,182
1394,331
1395,258
1396,54
1397,330
1398,52
1399,50
1400,410
1401,258
1402,224
1403,91
1404,387
1405,470
1406,231
1407,17
1408,265
1409,210
1410,404
1411,350
1412,358
1413,128
1414,456
1415,459
1416,65
1417,311
1418,343
1419,156
1420,329
1421,43
1422,364
1423,496
1424,413
1425,149
1426,405
1427,138
1428,38
1429,54
1430,345
1431,311
1432,98
1433,296
1434,39
1435,82
1436,72
1437,421
1438,363
1439,91
1440,378
1441,277
1442,440
1443,52
1444,23
1445,90
1446,406
1447,63
1448,270
1449,262
1450,129
1451,307
1452,209
1453,439
1454,354
1455,270
1456,325
1457,132
1458,234
1459,242
1460,294
1461,102
1462,484
1463,73
1464,425
1465,257
1466,349
1467,273
1468,240
1469,275
1470,353
1471,250
1472,403
1473,349
1474,132
1475,312
1476,91
1477,126
1478,397
1479,387
1480,220
1481,349
1482,193
1483,398
1484,452
1485,28
1486,390
1487,436
1488,221
1489,13
1490,311
1491,353
1492,460
1493,432
1494,72
1495,320
1496,154
1497,270
1498,339
1499,57
1500,135
1501,133
1502,287
1503,360
1504,226
1505,225
1506,236
1507,238
1508,441
1509,6
1510,349
1511,463
1512,211
1513,58
1514,351
1515,176
1516,87
1517,353
1518,56
1519,43
1520,485
1521,421
1522,311
1523,31
1524,351
1525,43
1526,191
1527,424
1528,345
1529,225
1530,136
1531,398
1532,270
1533,299
1534,311
1535,287
1536,387
1537,344
1538,294
1539,115
1540,216
1541,485
1542,268
1543,354
1544,1
1545,349
1546,349
1547,277
1548,140
1549,18
1550,216
1551,277
1552,315
1553,415
1554,349
1555,106
1556,132
1557,159
1558,444
1559,496
1560,351
1561,349
1562,383
1563,166
1564,132
1565,139
1566,283
1567,300
1568,349
1569,388
1570,363
1571,5
1572,471
1573,84
1574,351
1575,208
1576,351
1577,262
1578,463
1579,462
1580,419
1581,179
1582,353
1583,43
1584,60
1585,91
1586,91
1587,173
1588,262
1589,431
1590,157
1591,473
1592,490
1593,289
1594,60
1595,81
1596,178
1597,350
1598,276
1599,54
1600,447
1601,198
1602,243
1603,95
1604,462
1605,186
1606,172
1607,91
1608,349
1609,136
1610,334
1611,349
1612,349
1613,420
1614,339
1615,120
1616,497
1617,482
1618,479
1619,402
1620,433
1621,220
1622,457
1623,68
1624,481
1625,410
1626,373
1627,322
1628,130
1629,313
1630,334
1631,242
1632,55
1633,455
1634,157
1635,91
1636,130
1637,431
1638,175
1639,130
1640,183
1641,470
1642,191
1643,452
1644,498
1645,115
1646,124
1647,311
1648,471
1649,350
1650,165
1651,339
1652,381
1653,351
1654,358
1655,350
1656,220
1657,349
1658,107
1659,353
1660,350
1661,208
1662,484
1663,197
1664,398
1665,196
1666,230
1667,424
1668,351
1669,222
1670,283
1671,102
1672,168
1673,165
1674,130
1675,64
1676,184
1677,85
1678,28
1679,101
1680,439
1681,387
1682,19
1683,487
1684,363
1685,490
1686,360
1687,207
1688,245
1689,311
1690,202
1691,59
1692,231
1693,311
1694,75
1695,349
1696,289
1697,489
1698,198
1699,407
1700,153
1701,266
1702,273
1703,98
1704,396
1705,246
1706,351
1707,267
1708,65
1709,215
1710,306
1711,274
1712,393
1713,69
1714,311
1715,425
1716,72
1717,456
1718,437
1719,161
1720,65
1721,367
1722,484
1723,431
1724,103
1725,237
1726,252
1727,279
1728,463
1729,200
1730,165
1731,152
1732,58
1733,104
1734,23
1735,351
1736,173
1737,180
1738,367
1739,59
1740,130
1741,216
1742,178
1743,10
1744,225
1745,456
1746,138
1747,66
1748,288
1749,248
1750,91
1751,323
1752,250
1753,150
1754,176
1755,198
1756,476
1757,497
1758,387
1759,435
1760,54
1761,349
1762,259
1763,222
1764,400
1765,394
1766,440
1767,351
1768,496
1769,245
1770,95
1771,91
1772,91
1773,305
1774,315
1775,487
1776,311
1777,129
1778,353
1779,59
1780,149
1781,353
1782,95
1783,296
1784,318
1785,351
1786,190
1787,91
1788,269
1789,101
1790,329
1791,403
1792,300
1793,56
1794,349
1795,353
1796,188
1797,465
1798,480
1799,349
1800,88
1801,349
1802,231
1803,39
1804,117
1805,397
1806,403
1807,440
1808,349
1809,191
1810,444
1811,214
1812,198
1813,166
1814,225
1815,91
1816,460
1817,91
1818,132
1819,311
1820,385
1821,360
1822,351
1823,79
1824,430
1825,315
1826,477
1827,350
1828,101
1829,311
1830,263
1831,497
1832,269
1833,488
1834,132
1835,280
1836,183
1837,245
1838,353
1839,39
1840,42
1841,132
1842,222
1843,349
1844,349
1845,283
1846,338
1847,394
1848,311
1849,165
1850,353
1851,206
1852,437
1853,387
1854,453
1855,353
1856,54
1857,448
1858,349
1859,311
1860,277
1861,262
1862,468
1863,41
1864,172
1865,244
1866,445
1867,287
1868,297
1869,363
1870,287
1871,374
1872,115
1873,349
1874,265
1875,222
1876,302
1877,244
1878,91
1879,262
1880,349
1881,229
1882,344
1883,236
1884,255
1885,292
1886,205
1887,495
1888,411
1889,389
1890,360
1891,406
1892,400
1893,149
1894,163
1895,292
1896,150
1897,57
1898,394
1899,49
1900,199
1901,129
1902,61
1903,349
1904,295
1905,191
1906,149
1907,387
1908,376
1909,358
1910,60
1911,130
1912,88
1913,360
1914,9
1915,351
1916,42
1917,132
1918,349
1919,147
1920,272
1921,91
1922,311
1923,271
1924,347
1925,50
1926,178
1927,160
1928,351
1929,199
1930,414
1931,287
1932,133
1933,172
1934,349
1935,130
1936,311
1937,315
1938,455
1939,358
1940,363
1941,222
1942,170
1943,244
1944,235
1945,376
1946,58
1947,403
1948,69
1949,370
1950,330
1951,350
1952,87
1953,171
1954,181
1955,91
1956,36
1957,339
1958,311
1959,36
1960,91
1961,394
1962,320
1963,339
1964,236
1965,339
1966,133
1967,354
1968,18
1969,400
1970,123
1971,276
1972,349
1973,208
1974,233
1975,161
1976,237
1977,351
1978,262
1979,31
1980,427
1981,190
1982,156
1983,349
1984,318
1985,448
1986,311
1987,49
1988,366
1989,387
1990,137
1991,91
1992,91
1993,76
1994,176
1995,119
1996,367
1997,398
1998,288
1999,414
2000,254
2001,81
2002,269
2003,195
2004,236
2005,343
2006,346
2007,426
2008,438
2009,249
2010,315
2011,106
2012,58
2013,5
2014,147
2015,130
2016,367
2017,169
2018,22
2019,436
2020,436
2021,295
2022,407
2023,43
2024,293
2025,490
2026,291
2027,244
2028,0
2029,360
2030,241
2031,150
2032,352
2033,315
2034,132
2035,114
2036,311
2037,300
2038,156
2039,323
2040,394
2041,353
2042,70
2043,328
2044,384
2045,40
2046,339
2047,132
2048,487
2049,61
2050,11
2051,321
2052,352
2053,354
2054,426
2055,311
2056,374
2057,1
2058,72
2059,236
2060,202
2061,203
2062,397
2063,170
2064,91
2065,498
2066,166
2067,466
2068,365
2069,349
2070,89
2071,307
2072,86
2073,133
2074,367
2075,353
2076,303
2077,349
2078,453
2079,351
2080,29
2081,74
2082,380
2083,147
2084,281
2085,58
2086,346
2087,108
2088,218
2089,394
2090,349
2091,380
2092,182
2093,288
2094,154
2095,385
2096,328
2097,194
2098,308
2099,487
2100,402
2101,130
2102,349
2103,231
2104,463
2105,462
2106,349
2107,74
2108,398
2109,387
2110,258
2111,123
2112,283
2113,169
2114,265
2115,142
2116,496
2117,394
2118,468
2119,185
2120,466
2121,151
2122,40
2123,493
2124,349
2125,72
2126,36
2127,396
2128,353
2129,366
2130,81
2131,2
2132,480
2133,388
2134,132
2135,338
2136,236
2137,498
2138,349
2139,460
2140,460
2141,257
2142,83
2143,323
2144,91
2145,91
2146,391
2147,66
2148,238
2149,75
2150,40
2151,485
2152,77
2153,132
2154,73
2155,487
2156,434
2157,349
2158,220
2159,195
2160,321
2161,270
2162,387
2163,294
2164,152
2165,436
2166,290
2167,385
2168,480
2169,311
2170,115
2171,382
2172,209
2173,311
2174,402
2175,422
2176,43
2177,93
2178,91
2179,392
2180,349
2181,311
2182,255
2183,349
2184,341
2185,120
2186,380
2187,476
2188,8
2189,311
2190,57
2191,458
2192,0
2193,288
2194,121
2195,267
2196,349
2197,361
2198,438
2199,139
2200,385
2201,419
2202,329
2203,270
2204,129
2205,358
2206,447
2207,339
2208,353
2209,123
2210,310
2211,325
2212,387
2213,468
2214,379
2215,364
2216,363
2217,403
2218,110
2219,231
2220,485
2221,452
2222,186
2223,272
2224,20
2225,360
2226,360
2227,174
2228,439
2229,62
2230,179
2231,391
2232,203
2233,349
2234,286
2235,491
2236,177
2237,268
2238,351
2239,321
2240,459
2241,368
2242,434
2243,28
2244,281
2245,315
2246,43
2247,163
2248,57
2249,58
2250,367
2251,28
2252,370
2253,258
2254,99
2255,175
2256,19
2257,271
2258,41
2259,91
2260,72
2261,323
2262,370
2263,91
2264,349
2265,214
2266,25
2267,353
2268,443
2269,310
2270,353
2271,484
2272,32
2273,166
2274,364
2275,435
2276,186
2277,343
2278,129
2279,376
2280,283
2281,91
2282,91
2283,378
2284,49
2285,371
2286,471
2287,72
2288,255
2289,124
2290,353
2291,303
2292,269
2293,498
2294,350
2295,349
2296,424
2297,351
2298,402
2299,148
2300,351
2301,316
2302,129
2303,9
2304,172
2305,138
2306,59
2307,142
2308,133
2309,250
2310,91
2311,297
2312,1
2313,233
2314,385
2315,320
2316,489
2317,272
2318,450
2319,338
2320,130
2321,236
2322,449
2323,57
2324,349
2325,118
2326,52
2327,418
2328,362
2329,177
2330,60
2331,351
2332,130
2333,72
2334,39
2335,351
2336,492
2337,470
2338,142
2339,130
2340,42
2341,349
2342,322
2343,415
2344,323
2345,291
2346,315
2347,452
2348,95
2349,314
2350,256
2351,154
2352,367
2353,337
2354,111
2355,354
2356,132
2357,90
2358,364
2359,133
2360,289
2361,257
2362,91
2363,76
2364,384
2365,349
2366,315
2367,118
2368,496
2369,132
2370,477
2371,116
2372,351
2373,267
2374,91
2375,183
2376,65
2377,403
2378,403
2379,453
2380,387
2381,112
2382,171
2383,491
2384,364
2385,349
2386,349
2387,30
2388,367
2389,396
2390,95
2391,58
2392,349
2393,313
2394,324
2395,349
2396,88
2397,82
2398,21
2399,240
2400,183
2401,307
2402,91
2403,224
2404,325
2405,217
2406,161
2407,95
2408,293
2409,39
2410,47
2411,44
2412,387
2413,124
2414,122
2415,341
2416,6
2417,246
2418,386
2419,46
2420,417
2421,36
2422,403
2423,376
2424,213
2425,290
2426,183
2427,183
2428,350
2429,414
2430,172
2431,307
2432,452
2433,258
2434,331
2435,364
2436,467
2437,350
2438,270
2439,274
2440,10
2441,38
2442,333
2443,470
2444,130
2445,450
2446,374
2447,287
2448,72
2449,434
2450,185
2451,91
2452,199
2453,349
2454,353
2455,91
2456,351
2457,148
2458,148
2459,311
2460,349
2461,164
2462,130
2463,91
2464,363
2465,20
2466,481
2467,91
2468,97
2469,132
2470,93
2471,349
2472,132
2473,267
2474,17
2475,382
2476,351
2477,246
2478,354
2479,287
2480,349
2481,468
2482,431
2483,428
2484,407
2485,192
2486,351
2487,288
2488,353
2489,285
2490,358
2491,268
2492,329
2493,217
2494,335
2495,279
2496,135
2497,251
2498,439
2499,463
2500,173
2501,351
2502,95
2503,58
2504,446
2505,324
2506,133
2507,87
2508,272
2509,214
2510,85
2511,178
2512,37
2513,277
2514,396
2515,487
2516,407
2517,259
2518,381
2519,164
2520,301
2521,64
2522,398
2523,360
2524,403
2525,5
2526,265
2527,311
2528,51
2529,163
2530,375
2531,267
2532,367
2533,362
2534,270
2535,358
2536,469
2537,104
2538,349
2539,287
2540,72
2541,446
2542,154
2543,61
2544,60
2545,245
2546,349
2547,215
2548,244
2549,396
2550,339
2551,15
2552,433
2553,91
2554,217
2555,450
2556,441
2557,21
2558,442
2559,295
2560,103
2561,261
2562,62
2563,414
2564,456
2565,175
2566,278
2567,385
2568,378
2569,225
2570,406
2571,89
2572,351
2573,439
2574,220
2575,133
2576,72
2577,41
2578,195
2579,349
2580,91
2581,321
2582,387
2583,39
2584,328
2585,182
2586,410
2587,129
2588,233
2589,385
2590,467
2591,248
2592,487
2593,484
2594,428
2595,289
2596,130
2597,149
2598,19
2599,53
2600,8
2601,487
2602,351
2603,246
2604,151
2605,391
2606,462
2607,311
2608,283
2609,11
2610,46
2611,367
2612,153
2613,385
2614,260
2615,409
2616,363
2617,57
2618,453
2619,479
2620,1
2621,217
2622,349
2623,297
2624,353
2625,295
2626,437
2627,349
2628,172
2629,290
2630,215
2631,220
2632,350
2633,358
2634,398
2635,57
2636,130
2637,406
2638,497
2639,463
2640,402
2641,129
2642,349
2643,91
2644,68
2645,287
2646,21
2647,199
2648,456
2649,311
2650,241
2651,267
2652,116
2653,130
2654,333
2655,266
2656,166
2657,453
2658,320
2659,497
2660,382
2661,398
2662,364
2663,379
2664,319
2665,248
2666,478
2667,358
2668,172
2669,129
2670,71
2671,349
2672,132
2673,431
2674,20
2675,160
2676,353
2677,42
2678,313
2679,435
2680,311
2681,130
2682,203
2683,330
2684,268
2685,315
2686,478
2687,466
2688,190
2689,462
2690,366
2691,306
2692,183
2693,199
2694,132
2695,239
2696,338
2697,351
2698,460
2699,351
2700,112
2701,413
2702,349
2703,446
2704,152
2705,1
2706,366
2707,488
2708,236
2709,32
2710,452
2711,409
2712,362
2713,91
2714,193
2715,54
2716,386
2717,15
2718,159
2719,437
2720,403
2721,164
2722,161
2723,185
2724,433
2725,299
2726,403
2727,24
2728,349
2729,272
2730,296
2731,439
2732,351
2733,250
2734,487
2735,381
2736,287
2737,214
2738,483
2739,306
2740,188
2741,482
2742,473
2743,249
2744,179
2745,459
2746,157
2747,23
2748,222
2749,93
2750,11
2751,91
2752,309
2753,89
2754,363
2755,353
2756,474
2757,16
2758,393
2759,468
2760,160
2761,136
2762,387
2763,439
2764,351
2765,75
2766,165
2767,94
2768,217
2769,39
2770,79
2771,129
2772,433
2773,160
2774,72
2775,130
2776,241
2777,117
2778,376
2779,287
2780,95
2781,70
2782,332
2783,165
2784,132
2785,117
2786,431
2787,111
2788,328
2789,235
2790,434
2791,9
2792,160
2793,427
2794,7
2795,349
2796,339
2797,43
2798,349
2799,377
2800,212
2801,151
2802,346
2803,479
2804,306
2805,314
2806,211
2807,36
2808,466
2809,91
2810,434
2811,406
2812,365
2813,91
2814,130
2815,133
2816,400
2817,292
2818,91
2819,5
2820,169
2821,283
2822,172
2823,259
2824,109
2825,349
2826,35
2827,315
2828,1
2829,87
2830,154
2831,398
2832,400
2833,363
2834,102
2835,130
2836,281
2837,311
2838,358
2839,471
2840,460
2841,346
2842,205
2843,54
2844,498
2845,276
2846,172
2847,391
2848,166
2849,226
2850,349
2851,91
2852,86
2853,439
2854,229
2855,147
2856,166
2857,188
2858,166
2859,409
2860,493
2861,121
2862,302
2863,194
2864,18
2865,462
2866,206
2867,54
2868,346
2869,324
2870,497
2871,411
2872,185
2873,354
2874,168
2875,118
2876,319
2877,377
2878,349
2879,457
2880,43
2881,354
2882,85
2883,129
2884,130
2885,199
2886,315
2887,119
2888,295
2889,166
2890,349
2891,39
2892,286
2893,311
2894,2
2895,91
2896,478
2897,311
2898,133
2899,18
2900,376
2901,467
2902,195
2903,123
2904,44
2905,238
2906,163
2907,21
2908,453
2909,349
2910,59
2911,172
2912,323
2913,428
2914,157
2915,293
2916,349
2917,89
2918,133
2919,269
2920,109
2921,76
2922,161
2923,52
2924,464
2925,270
2926,497
2927,405
2928,496
2929,489
2930,196
2931,199
2932,436
2933,132
2934,349
2935,91
2936,91
2937,58
2938,49
2939,403
2940,91
2941,36
2942,207
2943,325
2944,130
2945,1
2946,468
2947,432
2948,489
2949,361
2950,311
2951,293
2952,375
2953,351
2954,305
2955,444
2956,309
2957,349
2958,349
2959,91
2960,132
2961,439
2962,409
2963,84
2964,180
2965,362
2966,172
2967,55
2968,130
2969,91
2970,346
2971,241
2972,390
2973,410
2974,362
2975,353
2976,290
2977,163
2978,76
2979,65
2980,156
2981,456
2982,360
2983,351
2984,349
2985,439
2986,379
2987,161
2988,353
2989,215
2990,270
2991,322
2992,349
2993,218
2994,20
2995,349
2996,418
2997,442
2998,453
2999,161
3000,467
3001,177
3002,179
3003,492
3004,177
3005,89
3006,4
3007,29
3008,487
3009,149
3010,229
3011,379
3012,480
3013,454
3014,367
3015,236
3016,349
3017,428
3018,349
3019,349
3020,487
3021,267
3022,255
3023,468
3024,157
3025,349
3026,349
3027,164
3028,212
3029,498
3030,72
3031,130
3032,287
3033,41
3034,351
3035,315
3036,335
3037,351
3038,420
3039,133
3040,386
3041,349
3042,255
3043,462
3044,113
3045,382
3046,387
3047,95
3048,208
3049,13
3050,171
3051,20
3052,360
3053,329
3054,4
3055,193
3056,140
3057,351
3058,489
3059,236
3060,207
3061,451
3062,366
3063,486
3064,135
3065,364
3066,462
3067,80
3068,222
3069,327
3070,353
3071,52
3072,91
3073,172
3074,168
3075,373
3076,56
3077,248
3078,50
3079,147
3080,248
3081,346
3082,282
3083,223
3084,72
3085,121
3086,27
3087,435
3088,37
3089,453
3090,132
3091,498
3092,90
3093,488
3094,364
3095,72
3096,95
3097,439
3098,449
3099,390
3100,476
3101,73
3102,353
3103,414
3104,314
3105,394
3106,361
3107,480
3108,13
3109,410
3110,446
3111,428
3112,168
3113,239
3114,436
3115,30
3116,261
3117,168
3118,205
3119,163
3120,362
3121,349
3122,349
3123,350
3124,387
3125,8
3126,480
3127,384
3128,132
3129,436
3130,166
3131,52
3132,182
3133,468
3134,327
3135,244
3136,110
3137,25
3138,495
3139,265
3140,182
3141,349
3142,92
3143,489
3144,5
3145,403
3146,406
3147,236
3148,22
3149,463
3150,201
3151,91
3152,387
3153,439
3154,41
3155,245
3156,410
3157,214
3158,269
3159,137
3160,91
3161,462
3162,386
3163,58
3164,269
3165,172
3166,76
3167,247
3168,315
3169,365
3170,149
3171,329
3172,279
3173,439
3174,474
3175,257
3176,349
3177,237
3178,75
3179,382
3180,91
3181,130
3182,193
3183,311
3184,259
3185,91
3186,450
3187,194
3188,132
3189,216
3190,349
3191,385
3192,217
3193,361
3194,382
3195,16
3196,91
3197,269
3198,354
3199,351
3200,124
3201,265
3202,91
3203,202
3204,240
3205,350
3206,387
3207,451
3208,311
3209,201
3210,140
3211,63
3212,339
3213,296
3214,89
3215,85
3216,349
3217,25
3218,127
3219,487
3220,71
3221,39
3222,363
3223,24
3224,12
3225,346
3226,108
3227,192
3228,76
3229,81
3230,311
3231,285
3232,353
3233,246
3234,141
3235,98
3236,20
3237,130
3238,488
3239,249
3240,54
3241,361
3242,205
3243,74
3244,191
3245,349
3246,466
3247,324
3248,498
3249,342
3250,448
3251,440
3252,437
3253,373
3254,91
3255,70
3256,450
3257,453
3258,102
3259,297
3260,21
3261,327
3262,91
3263,247
3264,338
3265,398
3266,177
3267,499
3268,343
3269,91
3270,349
3271,403
3272,48
3273,153
3274,349
3275,383
3276,195
3277,172
3278,130
3279,91
3280,13
3281,489
3282,81
3283,476
3284,442
3285,293
3286,345
3287,101
3288,275
3289,361
3290,244
3291,15
3292,248
3293,75
3294,143
3295,341
3296,309
3297,135
3298,57
3299,132
3300,163
3301,247
3302,364
3303,417
3304,139
3305,46
3306,73
3307,337
3308,94
3309,260
3310,100
3311,147
3312,301
3313,360
3314,245
3315,459
3316,62
3317,311
3318,428
3319,305
3320,62
3321,315
3322,450
3323,354
3324,192
3325,484
3326,351
3327,172
3328,67
3329,453
3330,324
3331,165
3332,497
3333,238
3334,311
3335,350
3336,157
3337,361
3338,284
3339,403
3340,212
3341,270
3342,25
3343,387
3344,132
3345,132
3346,385
3347,311
3348,280
3349,344
3350,466
3351,64
3352,10
3353,440
3354,353
3355,187
3356,17
3357,367
3358,119
3359,410
3360,129
3361,103
3362,498
3363,349
3364,379
3365,19
3366,483
3367,346
3368,367
3369,265
3370,494
3371,27
3372,275
3373,179
3374,283
3375,367
3376,86
3377,470
3378,225
3379,392
3380,318
3381,91
3382,181
3383,292
3384,465
3385,366
3386,267
3387,462
3388,47
3389,232
3390,398
3391,175
3392,364
3393,349
3394,439
3395,349
3396,453
3397,147
3398,88
3399,220
3400,360
3401,391
3402,39
3403,173
3404,307
3405,77
3406,349
3407,315
3408,216
3409,398
3410,346
3411,37
3412,132
3413,65
3414,25
3415,387
3416,383
3417,362
3418,217
3419,354
3420,119
3421,173
3422,403
3423,358
3424,132
3425,228
3426,84
3427,358
3428,168
3429,180
3430,349
3431,240
3432,228
3433,472
3434,351
3435,481
3436,394
3437,353
3438,354
3439,235
3440,379
3441,358
3442,285
3443,108
3444,234
3445,397
3446,387
3447,482
3448,398
3449,232
3450,315
3451,317
3452,106
3453,349
3454,47
3455,403
3456,166
3457,25
3458,377
3459,350
3460,133
3461,12
3462,367
3463,40
3464,480
3465,13
3466,453
3467,487
3468,365
3469,126
3470,329
3471,59
3472,221
3473,288
3474,130
3475,133
3476,130
3477,363
3478,353
3479,363
3480,495
3481,238
3482,336
3483,288
3484,56
3485,307
3486,228
3487,161
3488,43
3489,446
3490,271
3491,414
3492,367
3493,463
3494,268
3495,349
3496,18
3497,363
3498,270
3499,133
3500,390
3501,25
3502,469
3503,190
3504,174
3505,264
3506,133
3507,132
3508,349
3509,463
3510,350
3511,269
3512,114
3513,232
3514,312
3515,43
3516,151
3517,91
3518,38
3519,147
3520,133
3521,246
3522,250
3523,328
3524,274
3525,230
3526,79
3527,249
3528,199
3529,20
3530,70
3531,394
3532,290
3533,287
3534,91
3535,59
3536,100
3537,58
3538,398
3539,476
3540,312
3541,80
3542,349
3543,130
3544,349
3545,351
3546,182
3547,173
3548,376
3549,375
3550,39
3551,439
3552,203
3553,202
3554,436
3555,312
3556,63
3557,366
3558,130
3559,353
3560,449
3561,358
3562,362
3563,344
3564,266
3565,130
3566,449
3567,285
3568,103
3569,268
3570,401
3571,13
3572,258
3573,296
3574,403
3575,409
3576,389
3577,120
3578,459
3579,343
3580,165
3581,91
3582,330
3583,360
3584,249
3585,351
3586,222
3587,285
3588,351
3589,275
3590,202
3591,103
3592,349
3593,28
3594,45
3595,446
3596,182
3597,390
3598,159
3599,384
3600,311
3601,133
3602,51
3603,176
3604,394
3605,487
3606,91
3607,91
3608,444
3609,351
3610,221
3611,83
3612,406
3613,216
3614,349
3615,1
3616,281
3617,358
3618,442
3619,397
3620,91
3621,299
3622,91
3623,349
3624,225
3625,6
3626,438
3627,406
3628,322
3629,256
3630,256
3631,349
3632,295
3633,265
3634,457
3635,453
3636,460
3637,265
3638,329
3639,351
3640,367
3641,349
3642,311
3643,132
3644,474
3645,306
3646,44
3647,184
3648,354
3649,91
3650,360
3651,497
3652,403
3653,279
3654,91
3655,119
3656,161
3657,164
3658,476
3659,91
3660,15
3661,400
3662,246
3663,351
3664,482
3665,477
3666,354
3667,76
3668,445
3669,91
3670,300
3671,267
3672,315
3673,460
3674,446
3675,173
3676,352
3677,349
3678,216
3679,72
3680,281
3681,349
3682,94
3683,72
3684,424
3685,36
3686,91
3687,132
3688,251
3689,130
3690,299
3691,254
3692,166
3693,349
3694,439
3695,166
3696,210
3697,439
3698,185
3699,480
3700,167
3701,74
3702,91
3703,130
3704,91
3705,184
3706,339
3707,168
3708,464
3709,91
3710,165
3711,50
3712,382
3713,380
3714,490
3715,59
3716,346
3717,497
3718,302
3719,130
3720,180
3721,82
3722,471
3723,415
3724,350
3725,82
3726,350
3727,172
3728,200
3729,81
3730,246
3731,312
3732,363
3733,236
3734,381
3735,386
3736,409
3737,58
3738,180
3739,345
3740,349
3741,25
3742,251
3743,255
3744,320
3745,54
3746,27
3747,360
3748,349
3749,125
3750,241
3751,23
3752,311
3753,180
3754,414
3755,110
3756,145
3757,318
3758,446
3759,363
3760,72
3761,97
3762,345
3763,138
3764,466
3765,130
3766,91
3767,340
3768,32
3769,479
3770,267
3771,152
3772,199
3773,101
3774,133
3775,394
3776,444
3777,311
3778,132
3779,97
3780,129
3781,323
3782,132
3783,325
3784,147
3785,326
3786,339
3787,351
3788,203
3789,156
3790,326
3791,91
3792,169
3793,287
3794,216
3795,340
3796,72
3797,290
3798,394
3799,311
3800,140
3801,43
3802,14
3803,353
3804,191
3805,366
3806,199
3807,280
3808,267
3809,481
3810,149
3811,401
3812,413
3813,84
3814,272
3815,107
3816,265
3817,212
3818,426
3819,132
3820,136
3821,301
3822,5
3823,100
3824,248
3825,490
3826,55
3827,358
3828,66
3829,349
3830,27
3831,7
3832,91
3833,312
3834,480
3835,378
3836,188
3837,476
3838,252
3839,349
3840,400
3841,364
3842,349
3843,176
3844,405
3845,147
3846,2
3847,354
3848,89
3849,27
3850,77
3851,329
3852,290
3853,407
3854,477
3855,226
3856,290
3857,151
3858,164
3859,351
3860,120
3861,351
3862,355
3863,140
3864,310
3865,300
3866,249
3867,487
3868,315
3869,157
3870,385
3871,161
3872,261
3873,130
3874,353
3875,182
3876,208
3877,72
3878,88
3879,433
3880,432
3881,81
3882,363
3883,132
3884,494
3885,132
3886,354
3887,228
3888,3
3889,468
3890,91
3891,352
3892,231
3893,247
3894,353
3895,387
3896,11
3897,127
3898,324
3899,366
3900,411
3901,439
3902,420
3903,453
3904,130
3905,311
3906,462
3907,445
3908,434
3909,403
3910,394
3911,244
3912,13
3913,362
3914,498
3915,251
3916,54
3917,275
3918,349
3919,266
3920,497
3921,285
3922,42
3923,403
3924,469
3925,32
3926,285
3927,1
3928,79
3929,337
3930,362
3931,91
3932,439
3933,222
3934,497
3935,351
3936,72
3937,349
3938,83
3939,299
3940,448
3941,48
3942,188
3943,91
3944,349
3945,87
3946,389
3947,426
3948,349
3949,198
3950,141
3951,466
3952,13
3953,118
3954,180
3955,153
3956,118
3957,311
3958,361
3959,231
3960,351
3961,203
3962,140
3963,337
3964,351
3965,210
3966,368
3967,409
3968,387
3969,63
3970,88
3971,482
3972,381
3973,318
3974,343
3975,349
3976,204
3977,130
3978,216
3979,431
3980,495
3981,405
3982,285
3983,141
3984,176
3985,72
3986,46
3987,133
3988,58
3989,351
3990,484
3991,83
3992,387
3993,95
3994,468
3995,108
3996,94
3997,383
3998,380
3999,488
4000,60
4001,346
4002,388
4003,353
4004,484
4005,471
4006,217
4007,267
4008,340
4009,244
4010,84
4011,354
4012,285
4013,172
4014,494
4015,460
4016,137
4017,311
4018,242
4019,490
4020,271
4021,281
4022,311
4023,132
4024,122
4025,130
4026,438
4027,169
4028,18
4029,263
4030,287
4031,194
4032,44
4033,88
4034,490
4035,101
4036,186
4037,425
4038,282
4039,312
4040,487
4041,410
4042,496
4043,167
4044,148
4045,95
4046,124
4047,326
4048,387
4049,4
4050,35
4051,139
4052,459
4053,237
4054,479
4055,480
4056,150
4057,58
4058,121
4059,274
4060,23
4061,324
4062,7
4063,354
4064,311
4065,427
4066,319
4067,91
4068,362
4069,270
4070,448
4071,330
4072,248
4073,258
4074,172
4075,269
4076,351
4077,60
4078,333
4079,478
4080,182
4081,309
4082,349
4083,237
4084,315
4085,394
4086,225
4087,326
4088,433
4089,307
4090,44
4091,130
4092,203
4093,350
4094,223
4095,59
4096,41
4097,236
4098,184
4099,371
4100,245
4101,91
4102,161
4103,142
4104,351
4105,311
4106,129
4107,239
4108,132
4109,374
4110,363
4111,220
4112,265
4113,125
4114,311
4115,311
4116,91
4117,439
4118,231
4119,224
4120,133
4121,387
4122,237
4123,472
4124,21
4125,402
4126,243
4127,57
4128,244
4129,358
4130,79
4131,58
4132,364
4133,188
4134,434
4135,82
4136,216
4137,0
4138,435
4139,281
4140,294
4141,91
4142,205
4143,203
4144,147
4145,58
4146,199
4147,58
4148,201
4149,351
4150,482
4151,364
4152,430
4153,383
4154,234
4155,211
4156,352
4157,42
4158,349
4159,90
4160,116
4161,60
4162,82
4163,109
4164,244
4165,91
4166,130
4167,349
4168,420
4169,329
4170,351
4171,339
4172,351
4173,444
4174,349
4175,492
4176,291
4177,329
4178,346
4179,62
4180,349
4181,144
4182,180
4183,402
4184,358
4185,149
4186,91
4187,132
4188,168
4189,431
4190,349
4191,270
4192,321
4193,199
4194,349
4195,288
4196,197
4197,440
4198,41
4199,435
4200,441
4201,190
4202,1
4203,9
4204,165
4205,351
4206,179
4207,477
4208,165
4209,469
4210,132
4211,60
4212,367
4213,351
4214,53
4215,95
4216,480
4217,403
4218,222
4219,487
4220,353
4221,217
4222,217
4223,91
4224,391
4225,362
4226,54
4227,201
4228,130
4229,336
4230,353
4231,480
4232,100
4233,15
4234,264
4235,351
4236,172
4237,4
4238,361
4239,22
4240,108
4241,374
4242,349
4243,265
4244,364
4245,414
4246,3
4247,436
4248,262
4249,63
4250,216
4251,367
4252,351
4253,91
4254,132
4255,297
4256,478
4257,117
4258,180
4259,236
4260,351
4261,264
4262,410
4263,410
4264,379
4265,252
4266,433
4267,373
4268,211
4269,480
4270,124
4271,43
4272,40
4273,169
4274,164
4275,351
4276,148
4277,216
4278,153
4279,132
4280,228
4281,485
4282,154
4283,284
4284,91
4285,249
4286,244
4287,349
4288,315
4289,20
4290,132
4291,349
4292,273
4293,254
4294,166
4295,351
4296,91
4297,199
4298,95
4299,172
4300,172
4301,120
4302,372
4303,95
4304,145
4305,442
4306,487
4307,137
4308,366
4309,447
4310,380
4311,17
4312,76
4313,315
4314,418
4315,329
4316,353
4317,351
4318,409
4319,425
4320,138
4321,349
4322,223
4323,454
4324,223
4325,220
4326,103
4327,487
4328,229
4329,216
4330,35
4331,154
4332,0
4333,486
4334,191
4335,452
4336,464
4337,349
4338,484
4339,349
4340,119
4341,354
4342,346
4343,147
4344,132
4345,55
4346,108
4347,385
4348,148
4349,88
4350,143
4351,349
4352,130
4353,154
4354,426
4355,366
4356,366
4357,249
4358,199
4359,484
4360,299
4361,127
4362,436
4363,400
4364,373
4365,353
4366,398
4367,349
4368,222
4369,231
4370,30
4371,33
4372,403
4373,258
4374,7
4375,329
4376,42
4377,91
4378,283
4379,68
4380,296
4381,58
4382,88
4383,54
4384,137
4385,264
4386,435
4387,76
4388,240
4389,294
4390,366
4391,242
4392,498
4393,56
4394,167
4395,135
4396,428
4397,150
4398,394
4399,480
4400,285
4401,176
4402,451
4403,208
4404,180
4405,88
4406,186
4407,172
4408,39
4409,245
4410,413
4411,225
4412,132
4413,264
4414,245
4415,51
4416,351
4417,349
4418,486
4419,339
4420,410
4421,175
4422,45
4423,73
4424,426
4425,116
4426,178
4427,132
4428,311
4429,172
4430,439
4431,166
4432,133
4433,44
4434,31
4435,290
4436,439
4437,311
4438,410
4439,307
4440,425
4441,456
4442,151
4443,222
4444,221
4445,367
4446,223
4447,216
4448,353
4449,450
4450,305
4451,305
4452,202
4453,407
4454,132
4455,90
4456,407
4457,392
4458,237
4459,465
4460,311
4461,217
4462,465
4463,346
4464,39
4465,349
4466,107
4467,122
4468,343
4469,64
4470,130
4471,177
4472,449
4473,21
4474,156
4475,183
4476,257
4477,351
4478,70
4479,232
4480,311
4481,216
4482,188
4483,70
4484,401
4485,349
4486,350
4487,101
4488,403
4489,366
4490,115
4491,110
4492,295
4493,450
4494,379
4495,145
4496,358
4497,499
4498,346
4499,301
4500,11
4501,385
4502,243
4503,474
4504,47
4505,420
4506,311
4507,135
4508,89
4509,349
4510,437
4511,398
4512,69
4513,269
4514,29
4515,132
4516,465
4517,446
4518,91
4519,180
4520,287
4521,5
4522,7
4523,445
4524,472
4525,180
4526,381
4527,351
4528,402
4529,320
4530,155
4531,66
4532,132
4533,91
4534,245
4535,487
4536,188
4537,288
4538,83
4539,494
4540,275
4541,258
4542,293
4543,410
4544,39
4545,475
4546,366
4547,346
4548,147
4549,40
4550,88
4551,166
4552,467
4553,174
4554,413
4555,161
4556,363
4557,349
4558,470
4559,84
4560,462
4561,7
4562,349
4563,260
4564,294
4565,92
4566,27
4567,497
4568,168
4569,476
4570,167
4571,338
4572,277
4573,327
4574,152
4575,492
4576,58
4577,323
4578,161
4579,403
4580,262
4581,310
4582,135
4583,245
4584,302
4585,290
4586,235
4587,331
4588,460
4589,392
4590,132
4591,18
4592,72
4593,397
4594,161
4595,478
4596,265
4597,255
4598,177
4599,82
4600,19
4601,366
4602,270
4603,419
4604,481
4605,311
4606,360
4607,365
4608,271
4609,249
4610,22
4611,388
4612,311
4613,184
4614,130
4615,403
4616,130
4617,172
4618,351
4619,352
4620,59
4621,394
4622,245
4623,354
4624,349
4625,85
4626,100
4627,447
4628,333
4629,353
4630,307
4631,91
4632,89
4633,172
4634,349
4635,59
4636,75
4637,383
4638,452
4639,311
4640,276
4641,376
4642,91
4643,367
4644,366
4645,257
4646,91
4647,263
4648,339
4649,166
4650,183
4651,376
4652,287
4653,113
4654,351
4655,68
4656,349
4657,326
4658,460
4659,364
4660,57
4661,194
4662,33
4663,123
4664,317
4665,388
4666,311
4667,40
4668,124
4669,488
4670,417
4671,135
4672,165
4673,458
4674,391
4675,315
4676,393
4677,58
4678,405
4679,354
4680,453
4681,41
4682,123
4683,316
4684,63
4685,257
4686,233
4687,287
4688,364
4689,5
4690,148
4691,351
4692,270
4693,72
4694,85
4695,351
4696,39
4697,363
4698,130
4699,349
4700,104
4701,235
4702,96
4703,344
4704,91
4705,479
4706,280
4707,487
4708,384
4709,267
4710,391
4711,121
4712,439
4713,41
4714,58
4715,198
4716,333
4717,361
4718,46
4719,9
4720,268
4721,132
4722,349
4723,349
4724,91
4725,386
4726,459
4727,312
4728,272
4729,77
4730,363
4731,439
4732,349
4733,362
4734,349
4735,481
4736,18
4737,183
4738,240
4739,350
4740,409
4741,311
4742,312
4743,383
4744,91
4745,322
4746,373
4747,344
4748,216
4749,70
4750,99
4751,467
4752,456
4753,172
4754,247
4755,358
4756,402
4757,206
4758,138
4759,28
4760,444
4761,48
4762,147
4763,342
4764,269
4765,358
4766,104
4767,468
4768,429
4769,417
4770,20
4771,129
4772,344
4773,147
4774,306
4775,91
4776,58
4777,147
4778,397
4779,166
4780,110
4781,4
4782,14
4783,403
4784,407
4785,195
4786,468
4787,91
4788,291
4789,271
4790,207
4791,324
4792,401
4793,371
4794,172
4795,462
4796,323
4797,349
4798,225
4799,398
4800,18
4801,350
4802,187
4803,223
4804,311
4805,20
4806,328
4807,172
4808,133
4809,90
4810,351
4811,7
4812,301
4813,38
4814,387
4815,472
4816,402
4817,45
4818,132
4819,351
4820,155
4821,328
4822,164
4823,352
4824,121
4825,466
4826,325
4827,435
4828,216
4829,285
4830,351
4831,184
4832,367
4833,148
4834,409
4835,128
4836,360
4837,46
4838,152
4839,133
4840,379
4841,434
4842,149
4843,472
4844,144
4845,132
4846,304
4847,311
4848,483
4849,491
4850,21
4851,4
4852,141
4853,106
4854,481
4855,450
4856,346
4857,30
4858,65
4859,79
4860,199
4861,349
4862,132
4863,46
4864,311
4865,132
4866,403
4867,490
4868,305
4869,129
4870,238
4871,59
4872,392
4873,91
4874,174
4875,316
4876,315
4877,387
4878,127
4879,95
4880,439
4881,462
4882,91
4883,497
4884,90
4885,363
4886,339
4887,18
4888,349
4889,251
4890,154
4891,394
4892,17
4893,349
4894,350
4895,93
4896,75
4897,307
4898,190
4899,185
4900,475
4901,367
4902,223
4903,45
4904,285
4905,86
4906,127
4907,362
4908,105
4909,285
4910,200
4911,46
4912,446
4913,239
4914,491
4915,91
4916,349
4917,123
4918,487
4919,130
4920,21
4921,48
4922,91
4923,9
4924,349
4925,1
4926,130
4927,471
4928,446
4929,436
4930,498
4931,350
4932,388
4933,316
4934,439
4935,61
4936,203
4937,376
4938,320
4939,72
4940,409
4941,267
4942,430
4943,21
4944,347
4945,346
4946,35
4947,247
4948,230
4949,132
4950,367
4951,216
4952,349
4953,127
4954,57
4955,409
4956,349
4957,133
4958,148
4959,81
4960,406
4961,95
4962,8
4963,360
4964,351
4965,126
4966,346
4967,220
4968,72
4969,311
4970,224
4971,450
4972,436
4973,439
4974,133
4975,354
4976,314
4977,477
4978,18
4979,10
4980,309
4981,284
4982,498
4983,348
4984,130
4985,264
4986,39
4987,278
4988,254
4989,387
4990,177
4991,49
4992,135
4993,387
4994,130
4995,470
4996,466
4997,18
4998,91
4999,90
5000,349
5001,439
5002,151
5003,342
5004,487
5005,349
5006,384
5007,349
5008,310
5009,106
5010,363
5011,1
5012,73
5013,83
5014,88
5015,331
5016,128
5017,312
5018,311
5019,344
5020,406
5021,329
5022,91
5023,247
5024,89
5025,470
5026,79
5027,366
5028,91
5029,119
5030,406
5031,107
5032,349
5033,91
5034,91
5035,358
5036,58
5037,354
5038,409
5039,133
5040,353
5041,132
5042,473
5043,327
5044,485
5045,316
5046,196
5047,311
5048,275
5049,195
5050,376
5051,349
5052,65
5053,349
5054,314
5055,109
5056,315
5057,353
5058,224
5059,139
5060,66
5061,204
5062,273
5063,353
5064,322
5065,156
5066,184
5067,349
5068,168
5069,29
5070,437
5071,147
5072,132
5073,349
5074,214
5075,129
5076,44
5077,76
5078,367
5079,439
5080,180
5081,212
5082,118
5083,281
5084,283
5085,33
5086,231
5087,291
5088,414
5089,324
5090,295
5091,111
5092,126
5093,175
5094,415
5095,98
5096,130
5097,181
5098,212
5099,472
5100,95
5101,329
5102,414
5103,183
5104,91
5105,400
5106,59
5107,483
5108,91
5109,205
5110,132
5111,91
5112,403
5113,463
5114,270
5115,284
5116,428
5117,106
5118,245
5119,56
5120,263
5121,270
5122,231
5123,284
5124,438
5125,391
5126,294
5127,468
5128,393
5129,311
5130,388
5131,351
5132,265
5133,447
5134,353
5135,294
5136,340
5137,349
5138,436
5139,382
5140,474
5141,278
5142,317
5143,487
5144,193
5145,349
5146,371
5147,132
5148,137
5149,214
5150,403
5151,387
5152,381
5153,345
5154,52
5155,123
5156,64
5157,244
5158,100
5159,130
5160,403
5161,428
5162,497
5163,279
5164,148
5165,123
5166,297
5167,6
5168,339
5169,67
5170,439
5171,168
5172,180
5173,199
5174,159
5175,450
5176,297
5177,353
5178,132
5179,351
5180,450
5181,395
5182,153
5183,349
5184,460
5185,495
5186,394
5187,91
5188,315
5189,363
5190,263
5191,311
5192,181
5193,120
5194,218
5195,386
5196,238
5197,99
5198,135
5199,75
5200,172
5201,75
5202,82
5203,128
5204,144
5205,98
5206,232
5207,120
5208,111
5209,149
5210,211
5211,269
5212,328
5213,270
5214,439
5215,193
5216,132
5217,163
5218,403
5219,345
5220,449
5221,79
5222,270
5223,431
5224,350
5225,450
5226,169
5227,421
5228,339
5229,88
5230,362
5231,197
5232,489
5233,223
5234,349
5235,316
5236,287
5237,382
5238,402
5239,403
5240,78
5241,284
5242,124
5243,265
5244,165
5245,244
5246,487
5247,119
5248,191
5249,79
5250,470
5251,497
5252,162
5253,220
5254,330
5255,331
5256,20
5257,294
5258,349
5259,91
5260,390
5261,311
5262,168
5263,341
5264,349
5265,464
5266,76
5267,14
5268,130
5269,18
5270,147
5271,435
5272,499
5273,311
5274,184
5275,208
5276,149
5277,475
5278,431
5279,283
5280,18
5281,428
5282,201
5283,350
5284,482
5285,222
5286,144
5287,421
5288,349
5289,351
5290,317
5291,173
5292,204
5293,394
5294,219
5295,419
5296,333
5297,71
5298,354
5299,192
5300,1
5301,349
5302,225
5303,188
5304,367
5305,376
5306,346
5307,206
5308,14
5309,10
5310,77
5311,180
5312,420
5313,446
5314,349
5315,248
5316,223
5317,287
5318,364
5319,448
5320,198
5321,387
5322,353
5323,290
5324,393
5325,315
5326,387
5327,458
5328,255
5329,484
5330,197
5331,361
5332,55
5333,9
5334,361
5335,152
5336,354
5337,433
5338,297
5339,491
5340,248
5341,448
5342,223
5343,139
5344,433
5345,91
5346,329
5347,470
5348,470
5349,249
5350,349
5351,414
5352,315
5353,147
5354,164
5355,429
5356,199
5357,43
5358,212
5359,69
5360,398
5361,441
5362,223
5363,297
5364,311
5365,40
5366,221
5367,314
5368,351
5369,439
5370,273
5371,349
5372,212
5373,214
5374,262
5375,132
5376,66
5377,349
5378,458
5379,425
5380,60
5381,12
5382,35
5383,316
5384,474
5385,207
5386,104
5387,262
5388,236
5389,396
5390,367
5391,118
5392,286
5393,349
5394,383
5395,363
5396,349
5397,209
5398,91
5399,127
5400,372
5401,360
5402,91
5403,375
5404,228
5405,245
5406,196
5407,394
5408,360
5409,476
5410,197
5411,285
5412,4
5413,11
5414,349
5415,185
5416,397
5417,350
5418,129
5419,474
5420,352
5421,402
5422,10
5423,361
5424,161
5425,130
5426,43
5427,353
5428,317
5429,177
5430,91
5431,350
5432,292
5433,349
5434,91
5435,130
5436,100
5437,349
5438,242
5439,135
5440,478
5441,183
5442,145
5443,487
5444,218
5445,471
5446,346
5447,164
5448,346
5449,28
5450,122
5451,72
5452,261
5453,349
5454,353
5455,17
5456,132
5457,294
5458,385
5459,372
5460,81
5461,351
5462,464
5463,277
5464,221
5465,138
5466,311
5467,311
5468,349
5469,490
5470,42
5471,189
5472,331
5473,457
5474,173
5475,1
5476,283
5477,366
5478,315
5479,349
5480,497
5481,287
5482,232
5483,104
5484,101
5485,220
5486,409
5487,458
5488,325
5489,468
5490,433
5491,148
5492,330
5493,204
5494,351
5495,255
5496,397
5497,449
5498,394
5499,59
5500,268
5501,132
5502,244
5503,132
5504,231
5505,0
5506,139
5507,53
5508,236
5509,245
5510,333
5511,226
5512,133
5513,469
5514,329
5515,216
5516,370
5517,487
5518,363
5519,350
5520,375
5521,492
5522,244
5523,387
5524,403
5525,230
5526,462
5527,112
5528,137
5529,143
5530,130
5531,148
5532,109
5533,311
5534,244
5535,406
5536,349
5537,140
5538,17
5539,360
5540,64
5541,358
5542,349
5543,354
5544,32
5545,203
5546,181
5547,252
5548,117
5549,138
5550,435
5551,167
5552,349
5553,85
5554,19
5555,445
5556,72
5557,341
5558,468
5559,51
5560,265
5561,346
5562,349
5563,331
5564,149
5565,358
5566,44
5567,58
5568,43
5569,91
5570,254
5571,83
5572,349
5573,287
5574,375
5575,75
5576,107
5577,198
5578,15
5579,262
5580,349
5581,354
5582,367
5583,288
5584,123
5585,138
5586,132
5587,92
5588,91
5589,476
5590,123
5591,447
5592,349
5593,56
5594,220
5595,66
5596,201
5597,130
5598,489
5599,351
5600,135
5601,372
5602,373
5603,383
5604,346
5605,242
5606,350
5607,489
5608,76
5609,123
5610,311
5611,82
5612,413
5613,349
5614,275
5615,465
5616,351
5617,329
5618,287
5619,387
5620,133
5621,494
5622,193
5623,306
5624,91
5625,91
5626,174
5627,397
5628,380
5629,71
5630,95
5631,88
5632,315
5633,72
5634,22
5635,398
5636,219
5637,339
5638,22
5639,299
5640,424
5641,5
5642,183
5643,437
5644,439
5645,339
5646,235
5647,95
5648,334
5649,13
5650,358
5651,375
5652,316
5653,467
5654,294
5655,9
5656,85
5657,459
5658,458
5659,67
5660,235
5661,462
5662,143
5663,360
5664,311
5665,26
5666,468
5667,45
5668,89
5669,60
5670,335
5671,20
5672,476
5673,150
5674,162
5675,214
5676,183
5677,354
5678,435
5679,331
5680,132
5681,351
5682,177
5683,72
5684,349
5685,420
5686,349
5687,393
5688,28
5689,497
5690,12
5691,46
5692,367
5693,203
5694,497
5695,25
5696,130
5697,366
5698,467
5699,209
5700,400
5701,37
5702,43
5703,353
5704,217
5705,450
5706,248
5707,285
5708,406
5709,362
5710,17
5711,32
5712,271
5713,383
5714,75
5715,138
5716,204
5717,40
5718,349
5719,375
5720,259
5721,365
5722,47
5723,199
5724,3
5725,246
5726,394
5727,273
5728,40
5729,403
5730,373
5731,351
5732,135
5733,195
5734,64
5735,70
5736,48
5737,331
5738,208
5739,148
5740,439
5741,324
5742,367
5743,484
5744,123
5745,83
5746,115
5747,161
5748,364
5749,431
5750,69
5751,351
5752,197
5753,364
5754,34
5755,486
5756,250
5757,38
5758,278
5759,360
5760,367
5761,243
5762,229
5763,132
5764,473
5765,337
5766,446
5767,344
5768,234
5769,439
5770,321
5771,207
5772,36
5773,490
5774,130
5775,468
5776,394
5777,350
5778,495
5779,204
5780,351
5781,52
5782,402
5783,184
5784,91
5785,258
5786,480
5787,276
5788,183
5789,381
5790,354
5791,337
5792,45
5793,310
5794,66
5795,424
5796,101
5797,403
5798,498
5799,153
5800,155
5801,285
5802,364
5803,277
5804,52
5805,104
5806,284
5807,365
5808,439
5809,255
5810,147
5811,169
5812,223
5813,24
5814,365
5815,329
5816,72
5817,349
5818,293
5819,117
5820,318
5821,391
5822,351
5823,403
5824,349
5825,349
5826,136
5827,291
5828,67
5829,468
5830,72
5831,75
5832,307
5833,469
5834,179
5835,311
5836,63
5837,394
5838,40
5839,319
5840,333
5841,80
5842,122
5843,351
5844,341
5845,172
5846,344
5847,21
5848,353
5849,461
5850,386
5851,349
5852,236
5853,440
5854,185
5855,333
5856,148
5857,324
5858,264
5859,102
5860,154
5861,255
5862,148
5863,311
5864,350
5865,256
5866,391
5867,93
5868,233
5869,438
5870,5
5871,349
5872,394
5873,172
5874,72
5875,435
5876,84
5877,237
5878,207
5879,385
5880,375
5881,91
5882,13
5883,228
5884,250
5885,196
5886,475
5887,388
5888,311
5889,57
5890,231
5891,77
5892,453
5893,76
5894,8
5895,184
5896,143
5897,287
5898,91
5899,311
5900,410
5901,349
5902,172
5903,321
5904,248
5905,95
5906,167
5907,99
5908,458
5909,30
5910,349
5911,475
5912,324
5913,210
5914,387
5915,212
5916,81
5917,367
5918,101
5919,448
5920,135
5921,353
5922,95
5923,91
5924,476
5925,311
5926,288
5927,200
5928,350
5929,342
5930,196
5931,425
5932,265
5933,132
5934,288
5935,305
5936,363
5937,20
5938,366
5939,400
5940,13
5941,211
5942,439
5943,119
5944,102
5945,225
5946,343
5947,248
5948,307
5949,270
5950,60
5951,321
5952,467
5953,40
5954,454
5955,132
5956,349
5957,205
5958,349
5959,231
5960,400
5961,349
5962,58
5963,205
5964,351
5965,244
5966,235
5967,149
5968,351
5969,373
5970,315
5971,161
5972,130
5973,397
5974,346
5975,349
5976,223
5977,250
5978,473
5979,354
5980,364
5981,469
5982,371
5983,351
5984,349
5985,129
5986,439
5987,473
5988,79
5989,233
5990,92
5991,25
5992,226
5993,437
5994,91
5995,361
5996,114
5997,88
5998,177
5999,182
6000,54
6001,91
6002,496
6003,487
6004,194
6005,62
6006,81
6007,432
6008,250
6009,147
6010,72
6011,72
6012,211
6013,421
6014,386
6015,349
6016,44
6017,349
6018,331
6019,169
6020,60
6021,45
6022,216
6023,380
6024,130
6025,247
6026,335
6027,63
6028,141
6029,216
6030,349
6031,415
6032,265
6033,148
6034,223
6035,185
6036,31
6037,245
6038,91
6039,446
6040,267
6041,91
6042,147
6043,349
6044,31
6045,433
6046,91
6047,210
6048,240
6049,91
6050,1
6051,367
6052,366
6053,178
6054,116
6055,164
6056,102
6057,394
6058,145
6059,431
6060,468
6061,132
6062,171
6063,360
6064,365
6065,365
6066,346
6067,366
6068,43
6069,401
6070,403
6071,396
6072,444
6073,435
6074,351
6075,160
6076,305
6077,444
6078,130
6079,418
6080,455
6081,189
6082,349
6083,174
6084,287
6085,176
6086,422
6087,17
6088,153
6089,288
6090,79
6091,262
6092,393
6093,202
6094,241
6095,351
6096,88
6097,483
6098,397
6099,23
6100,351
6101,219
6102,410
6103,163
6104,61
6105,36
6106,349
6107,311
6108,106
6109,471
6110,173
6111,29
6112,496
6113,354
6114,91
6115,130
6116,392
6117,349
6118,406
6119,432
6120,383
6121,248
6122,324
6123,263
6124,58
6125,236
6126,443
6127,350
6128,58
6129,132
6130,165
6131,214
6132,328
6133,175
6134,260
6135,385
6136,269
6137,294
6138,353
6139,344
6140,410
6141,216
6142,95
6143,351
6144,349
6145,85
6146,446
6147,456
6148,331
6149,9
6150,250
6151,164
6152,178
6153,2
6154,187
6155,252
6156,387
6157,277
6158,351
6159,197
6160,492
6161,400
6162,418
6163,366
6164,428
6165,354
6166,91
6167,349
6168,122
6169,40
6170,391
6171,74
6172,89
6173,345
6174,91
6175,22
6176,23
6177,130
6178,81
6179,151
6180,363
6181,38
6182,206
6183,179
6184,244
6185,9
6186,47
6187,349
6188,351
6189,334
6190,244
6191,85
6192,353
6193,90
6194,290
6195,339
6196,349
6197,468
6198,44
6199,378
6200,349
6201,250
6202,315
6203,180
6204,339
6205,91
6206,394
6207,353
6208,322
6209,349
6210,353
6211,219
6212,494
6213,472
6214,314
6215,351
6216,180
6217,299
6218,129
6219,74
6220,1
6221,311
6222,132
6223,427
6224,255
6225,3
6226,244
6227,344
6228,55
6229,361
6230,463
6231,132
6232,470
6233,319
6234,89
6235,451
6236,123
6237,133
6238,302
6239,168
6240,91
6241,123
6242,366
6243,72
6244,91
6245,403
6246,202
6247,349
6248,133
6249,383
6250,311
6251,374
6252,108
6253,353
6254,430
6255,396
6256,272
6257,439
6258,315
6259,40
6260,367
6261,349
6262,110
6263,129
6264,91
6265,311
6266,468
6267,266
6268,351
6269,85
6270,464
6271,384
6272,135
6273,245
6274,59
6275,349
6276,291
6277,353
6278,109
6279,293
6280,315
6281,337
6282,435
6283,252
6284,349
6285,128
6286,130
6287,421
6288,439
6289,2
6290,312
6291,382
6292,239
6293,308
6294,302
6295,490
6296,236
6297,312
6298,455
6299,349
6300,309
6301,499
6302,349
6303,477
6304,299
6305,311
6306,132
6307,343
6308,155
6309,43
6310,114
6311,123
6312,70
6313,351
6314,72
6315,194
6316,346
6317,354
6318,383
6319,147
6320,97
6321,351
6322,34
6323,72
6324,91
6325,355
6326,107
6327,351
6328,288
6329,351
6330,466
6331,349
6332,332
6333,309
6334,349
6335,299
6336,403
6337,470
6338,216
6339,195
6340,346
6341,334
6342,311
6343,349
6344,75
6345,388
6346,33
6347,418
6348,311
6349,135
6350,135
6351,160
6352,481
6353,318
6354,387
6355,58
6356,310
6357,132
6358,419
6359,129
6360,101
6361,311
6362,311
6363,334
6364,464
6365,312
6366,65
6367,47
6368,261
6369,91
6370,112
6371,267
6372,305
6373,360
6374,351
6375,89
6376,324
6377,153
6378,3
6379,364
6380,311
6381,7
6382,379
6383,353
6384,349
6385,91
6386,361
6387,400
6388,172
6389,206
6390,121
6391,244
6392,188
6393,451
6394,350
6395,364
6396,311
6397,282
6398,494
6399,314
6400,339
6401,178
6402,358
6403,383
6404,287
6405,362
6406,132
6407,162
6408,365
6409,30
6410,371
6411,391
6412,133
6413,329
6414,311
6415,367
6416,2
6417,315
6418,427
6419,224
6420,409
6421,453
6422,326
6423,11
6424,157
6425,62
6426,290
6427,265
6428,108
6429,274
6430,403
6431,420
6432,439
6433,374
6434,89
6435,187
6436,22
6437,201
6438,69
6439,349
6440,183
6441,456
6442,262
6443,437
6444,365
6445,15
6446,132
6447,187
6448,129
6449,366
6450,258
6451,103
6452,247
6453,14
6454,44
6455,3
6456,135
6457,216
6458,46
6459,349
6460,20
6461,418
6462,91
6463,351
6464,18
6465,127
6466,91
6467,233
6468,333
6469,91
6470,324
6471,191
6472,74
6473,222
6474,449
6475,178
6476,379
6477,476
6478,460
6479,349
6480,149
6481,476
6482,229
6483,392
6484,149
6485,349
6486,41
6487,349
6488,170
6489,22
6490,193
6491,349
6492,287
6493,418
6494,362
6495,129
6496,83
6497,351
6498,91
6499,321
6500,91
6501,286
6502,245
6503,340
6504,349
6505,32
6506,250
6507,220
6508,354
6509,495
6510,270
6511,409
6512,349
6513,143
6514,380
6515,306
6516,91
6517,230
6518,91
6519,72
6520,241
6521,1
6522,349
6523,220
6524,437
6525,135
6526,279
6527,147
6528,133
6529,157
6530,199
6531,237
6532,91
6533,112
6534,464
6535,42
6536,358
6537,328
6538,40
6539,129
6540,281
6541,439
6542,118
6543,140
6544,411
6545,349
6546,387
6547,349
6548,246
6549,166
6550,268
6551,267
6552,169
6553,39
6554,250
6555,394
6556,167
6557,382
6558,275
6559,6
6560,349
6561,396
6562,263
6563,166
6564,353
6565,300
6566,46
6567,311
6568,244
6569,91
6570,367
6571,183
6572,330
6573,311
6574,78
6575,311
6576,331
6577,387
6578,349
6579,132
6580,275
6581,420
6582,130
6583,439
6584,218
6585,91
6586,89
6587,265
6588,112
6589,370
6590,351
6591,209
6592,46
6593,351
6594,349
6595,349
6596,259
6597,341
6598,425
6599,222
6600,285
6601,425
6602,257
6603,91
6604,464
6605,353
6606,339
6607,166
6608,324
6609,374
6610,186
6611,105
6612,339
6613,460
6614,364
6615,223
6616,480
6617,123
6618,269
6619,303
6620,277
6621,91
6622,210
6623,83
6624,354
6625,41
6626,185
6627,383
6628,403
6629,374
6630,265
6631,346
6632,58
6633,72
6634,410
6635,41
6636,61
6637,104
6638,277
6639,150
6640,209
6641,361
6642,311
6643,463
6644,130
6645,349
6646,445
6647,361
6648,91
6649,350
6650,47
6651,358
6652,215
6653,91
6654,129
6655,91
6656,190
6657,366
6658,108
6659,88
6660,142
6661,85
6662,223
6663,288
6664,311
6665,346
6666,250
6667,367
6668,434
6669,91
6670,358
6671,186
6672,135
6673,285
6674,79
6675,73
6676,188
6677,459
6678,350
6679,116
6680,349
6681,349
6682,439
6683,452
6684,220
6685,413
6686,310
6687,162
6688,280
6689,216
6690,315
6691,355
6692,37
6693,267
6694,445
6695,301
6696,128
6697,226
6698,392
6699,364
6700,344
6701,478
6702,329
6703,373
6704,403
6705,129
6706,487
6707,317
6708,149
6709,193
6710,261
6711,487
6712,132
6713,302
6714,349
6715,199
6716,311
6717,217
6718,391
6719,350
6720,350
6721,349
6722,351
6723,362
6724,409
6725,363
6726,351
6727,339
6728,382
6729,63
6730,277
6731,116
6732,153
6733,332
6734,0
6735,267
6736,311
6737,196
6738,458
6739,133
6740,363
6741,9
6742,41
6743,41
6744,349
6745,436
6746,36
6747,115
6748,360
6749,349
6750,314
6751,121
6752,138
6753,57
6754,231
6755,429
6756,212
6757,27
6758,91
6759,318
6760,143
6761,222
6762,366
6763,323
6764,133
6765,60
6766,54
6767,443
6768,387
6769,111
6770,230
6771,38
6772,91
6773,351
6774,403
6775,311
6776,216
6777,47
6778,332
6779,54
6780,387
6781,270
6782,302
6783,7
6784,202
6785,62
6786,259
6787,363
6788,172
6789,161
6790,178
6791,267
6792,148
6793,162
6794,88
6795,67
6796,367
6797,470
6798,145
6799,216
6800,345
6801,78
6802,322
6803,439
6804,315
6805,58
6806,283
6807,231
6808,448
6809,120
6810,31
6811,457
6812,353
6813,441
6814,23
6815,353
6816,147
6817,314
6818,284
6819,353
6820,100
6821,132
6822,72
6823,311
6824,300
6825,152
6826,446
6827,365
6828,307
6829,262
6830,489
6831,54
6832,209
6833,305
6834,153
6835,441
6836,262
6837,439
6838,102
6839,278
6840,152
6841,351
6842,398
6843,387
6844,351
6845,360
6846,468
6847,361
6848,280
6849,351
6850,447
6851,43
6852,351
6853,280
6854,163
6855,218
6856,329
6857,106
6858,425
6859,154
6860,327
6861,226
6862,258
6863,458
6864,37
6865,154
6866,63
6867,433
6868,287
6869,439
6870,290
6871,349
6872,264
6873,311
6874,363
6875,461
6876,62
6877,89
6878,235
6879,311
6880,52
6881,334
6882,111
6883,349
6884,100
6885,244
6886,309
6887,238
6888,418
6889,160
6890,487
6891,299
6892,88
6893,204
6894,197
6895,444
6896,365
6897,340
6898,495
6899,230
6900,132
6901,117
6902,349
6903,358
6904,230
6905,311
6906,432
6907,91
6908,433
6909,304
6910,231
6911,135
6912,150
6913,311
6914,446
6915,344
6916,413
6917,263
6918,18
6919,413
6920,460
6921,172
6922,109
6923,63
6924,132
6925,91
6926,91
6927,354
6928,62
6929,439
6930,351
6931,406
6932,354
6933,353
6934,7
6935,222
6936,351
6937,166
6938,59
6939,425
6940,123
6941,431
6942,351
6943,132
6944,474
6945,91
6946,8
6947,310
6948,437
6949,414
6950,258
6951,342
6952,59
6953,330
6954,129
6955,361
6956,34
6957,354
6958,241
6959,439
6960,126
6961,299
6962,393
6963,87
6964,337
6965,339
6966,338
6967,431
6968,349
6969,270
6970,106
6971,429
6972,385
6973,349
6974,366
6975,414
6976,14
6977,321
6978,82
6979,350
6980,168
6981,446
6982,304
6983,222
6984,91
6985,192
6986,367
6987,459
6988,351
6989,358
6990,278
6991,88
6992,90
6993,88
6994,15
6995,352
6996,478
6997,172
6998,18
6999,304
7000,402
7001,483
7002,41
7003,487
7004,93
7005,81
7006,166
7007,161
7008,226
7009,38
7010,439
7011,311
7012,364
7013,116
7014,58
7015,349
7016,135
7017,142
7018,228
7019,383
7020,346
7021,172
7022,67
7023,291
7024,314
7025,398
7026,414
7027,233
7028,243
7029,110
7030,223
7031,406
7032,349
7033,496
7034,281
7035,39
7036,406
7037,331
7038,439
7039,269
7040,173
7041,275
7042,286
7043,333
7044,311
7045,91
7046,349
7047,487
7048,353
7049,56
7050,41
7051,69
7052,387
7053,323
7054,300
7055,407
7056,139
7057,311
7058,363
7059,78
7060,364
7061,349
7062,364
7063,262
7064,160
7065,66
7066,83
7067,406
7068,277
7069,91
7070,473
7071,17
7072,363
7073,56
7074,269
7075,484
7076,349
7077,221
7078,378
7079,216
7080,170
7081,424
7082,72
7083,245
7084,271
7085,256
7086,103
7087,22
7088,165
7089,95
7090,394
7091,58
7092,91
7093,470
7094,439
7095,11
7096,95
7097,214
7098,263
7099,400
7100,311
7101,7
7102,492
7103,145
7104,331
7105,385
7106,199
7107,351
7108,17
7109,120
7110,231
7111,242
7112,102
7113,342
7114,132
7115,343
7116,82
7117,58
7118,217
7119,135
7120,145
7121,475
7122,182
7123,351
7124,114
7125,281
7126,111
7127,435
7128,262
7129,145
7130,84
7131,194
7132,434
7133,467
7134,43
7135,276
7136,91
7137,495
7138,161
7139,9
7140,311
7141,115
7142,78
7143,172
7144,350
7145,393
7146,497
7147,346
7148,217
7149,199
7150,132
7151,58
7152,20
7153,123
7154,130
7155,154
7156,199
7157,176
7158,396
7159,283
7160,93
7161,105
7162,3
7163,366
7164,240
7165,450
7166,263
7167,350
7168,311
7169,480
7170,306
7171,366
7172,43
7173,133
7174,80
7175,471
7176,23
7177,349
7178,161
7179,364
7180,375
7181,351
7182,389
7183,497
7184,143
7185,234
7186,433
7187,436
7188,446
7189,329
7190,403
7191,165
7192,43
7193,72
7194,11
7195,391
7196,361
7197,244
7198,353
7199,465
7200,383
7201,349
7202,385
7203,349
7204,484
7205,440
7206,287
7207,209
7208,249
7209,431
7210,403
7211,475
7212,57
7213,349
7214,341
7215,351
7216,282
7217,339
7218,164
7219,10
7220,287
7221,236
7222,130
7223,459
7224,329
7225,332
7226,450
7227,191
7228,111
7229,201
7230,376
7231,88
7232,166
7233,217
7234,120
7235,401
7236,91
7237,285
7238,400
7239,383
7240,168
7241,349
7242,66
7243,446
7244,460
7245,344
7246,236
7247,265
7248,192
7249,257
7250,87
7251,362
7252,88
7253,285
7254,168
7255,387
7256,392
7257,82
7258,403
7259,487
7260,65
7261,235
7262,351
7263,471
7264,252
7265,236
7266,216
7267,8
7268,402
7269,403
7270,307
7271,392
7272,320
7273,135
7274,396
7275,109
7276,363
7277,276
7278,91
7279,349
7280,446
7281,91
7282,349
7283,1
7284,480
7285,305
7286,464
7287,226
7288,84
7289,130
7290,18
7291,402
7292,487
7293,132
7294,311
7295,473
7296,398
7297,142
7298,241
7299,366
7300,323
7301,461
7302,57
7303,77
7304,283
7305,353
7306,346
7307,351
7308,389
7309,205
7310,389
7311,349
7312,157
7313,403
7314,18
7315,405
7316,91
7317,311
7318,349
7319,396
7320,351
7321,252
7322,182
7323,251
7324,120
7325,429
7326,159
7327,89
7328,161
7329,320
7330,363
7331,91
7332,200
7333,45
7334,441
7335,23
7336,450
7337,98
7338,400
7339,358
7340,387
7341,40
7342,130
7343,119
7344,147
7345,353
7346,127
7347,439
7348,406
7349,187
7350,431
7351,349
7352,91
7353,127
7354,401
7355,184
7356,278
7357,314
7358,351
7359,464
7360,287
7361,376
7362,498
7363,320
7364,433
7365,341
7366,311
7367,333
7368,448
7369,147
7370,174
7371,349
7372,193
7373,351
7374,231
7375,42
7376,91
7377,199
7378,332
7379,91
7380,184
7381,361
7382,100
7383,242
7384,311
7385,141
7386,349
7387,50
7388,165
7389,494
7390,74
7391,132
7392,211
7393,477
7394,353
7395,0
7396,496
7397,148
7398,120
7399,1
7400,250
7401,142
7402,366
7403,302
7404,294
7405,182
7406,318
7407,434
7408,98
7409,14
7410,362
7411,306
7412,209
7413,349
7414,89
7415,226
7416,47
7417,52
7418,326
7419,268
7420,182
7421,88
7422,154
7423,406
7424,351
7425,353
7426,215
7427,352
7428,222
7429,258
7430,326
7431,489
7432,351
7433,460
7434,189
7435,62
7436,311
7437,351
7438,25
7439,485
7440,135
7441,296
7442,55
7443,216
7444,220
7445,250
7446,349
7447,91
7448,153
7449,437
7450,183
7451,9
7452,154
7453,470
7454,247
7455,95
7456,450
7457,426
7458,496
7459,156
7460,339
7461,91
7462,198
7463,130
7464,448
7465,391
7466,349
7467,129
7468,191
7469,439
7470,353
7471,235
7472,43
7473,365
7474,95
7475,435
7476,368
7477,364
7478,349
7479,285
7480,95
7481,337
7482,180
7483,26
7484,492
7485,413
7486,489
7487,279
7488,11
7489,379
7490,302
7491,410
7492,387
7493,349
7494,467
7495,403
7496,439
7497,152
7498,245
7499,498
7500,385
7501,402
7502,452
7503,56
7504,311
7505,54
7506,244
7507,165
7508,91
7509,478
7510,443
7511,350
7512,301
7513,388
7514,34
7515,406
7516,91
7517,133
7518,106
7519,245
7520,204
7521,311
7522,72
7523,358
7524,244
7525,271
7526,72
7527,447
7528,365
7529,151
7530,339
7531,406
7532,164
7533,485
7534,55
7535,236
7536,166
7537,435
7538,247
7539,349
7540,132
7541,265
7542,132
7543,284
7544,374
7545,367
7546,349
7547,311
7548,287
7549,247
7550,307
7551,414
7552,32
7553,61
7554,323
7555,140
7556,354
7557,401
7558,350
7559,58
7560,18
7561,4
7562,471
7563,402
7564,17
7565,19
7566,249
7567,269
7568,62
7569,125
7570,413
7571,411
7572,338
7573,354
7574,409
7575,460
7576,471
7577,361
7578,311
7579,88
7580,185
7581,340
7582,491
7583,287
7584,18
7585,22
7586,96
7587,201
7588,351
7589,87
7590,172
7591,133
7592,102
7593,89
7594,332
7595,349
7596,367
7597,422
7598,482
7599,166
7600,56
7601,207
7602,111
7603,323
7604,287
7605,324
7606,236
7607,132
7608,448
7609,208
7610,422
7611,396
7612,398
7613,349
7614,201
7615,354
7616,222
7617,437
7618,182
7619,93
7620,444
7621,29
7622,174
7623,91
7624,287
7625,114
7626,132
7627,101
7628,340
7629,117
7630,476
7631,350
7632,127
7633,364
7634,230
7635,141
7636,470
7637,287
7638,363
7639,23
7640,350
7641,349
7642,487
7643,169
7644,223
7645,231
7646,463
7647,435
7648,193
7649,148
7650,133
7651,85
7652,349
7653,226
7654,351
7655,419
7656,63
7657,208
7658,300
7659,371
7660,243
7661,129
7662,93
7663,379
7664,180
7665,72
7666,269
7667,353
7668,353
7669,452
7670,296
7671,363
7672,287
7673,132
7674,267
7675,352
7676,489
7677,311
7678,236
7679,261
7680,495
7681,74
7682,317
7683,132
7684,476
7685,330
7686,373
7687,278
7688,161
7689,312
7690,213
7691,186
7692,299
7693,70
7694,377
7695,365
7696,398
7697,303
7698,196
7699,353
7700,30
7701,283
7702,311
7703,349
7704,132
7705,385
7706,458
7707,393
7708,492
7709,20
7710,110
7711,304
7712,219
7713,250
7714,132
7715,222
7716,182
7717,363
7718,130
7719,73
7720,206
7721,347
7722,464
7723,337
7724,34
7725,133
7726,72
7727,32
7728,264
7729,116
7730,349
7731,358
7732,169
7733,37
7734,130
7735,350
7736,91
7737,91
7738,351
7739,91
7740,36
7741,293
7742,75
7743,54
7744,498
7745,379
7746,425
7747,281
7748,433
7749,174
7750,52
7751,427
7752,159
7753,255
7754,420
7755,471
7756,445
7757,132
7758,346
7759,109
7760,403
7761,147
7762,141
7763,143
7764,198
7765,435
7766,285
7767,167
7768,91
7769,361
7770,349
7771,409
7772,339
7773,91
7774,65
7775,387
7776,113
7777,133
7778,232
7779,406
7780,115
7781,311
7782,91
7783,244
7784,172
7785,91
7786,222
7787,58
7788,216
7789,366
7790,140
7791,23
7792,95
7793,349
7794,220
7795,89
7796,453
7797,439
7798,105
7799,14
7800,490
7801,422
7802,487
7803,358
7804,248
7805,98
7806,125
7807,63
7808,62
7809,360
7810,353
7811,71
7812,302
7813,353
7814,349
7815,311
7816,34
7817,88
7818,492
7819,445
7820,39
7821,145
7822,130
7823,72
7824,367
7825,414
7826,349
7827,349
7828,262
7829,88
7830,203
7831,443
7832,256
7833,354
7834,448
7835,448
7836,439
7837,299
7838,473
7839,74
7840,311
7841,23
7842,95
7843,274
7844,116
7845,366
7846,312
7847,353
7848,353
7849,91
7850,145
7851,444
7852,132
7853,13
7854,349
7855,265
7856,176
7857,362
7858,62
7859,349
7860,325
7861,128
7862,291
7863,289
7864,363
7865,133
7866,474
7867,351
7868,375
7869,435
7870,361
7871,402
7872,433
7873,172
7874,87
7875,350
7876,61
7877,27
7878,271
7879,346
7880,15
7881,130
7882,183
7883,132
7884,58
7885,311
7886,83
7887,8
7888,351
7889,67
7890,428
7891,349
7892,11
7893,149
7894,498
7895,182
7896,422
7897,315
7898,269
7899,16
7900,448
7901,332
7902,387
7903,438
7904,349
7905,119
7906,157
7907,81
7908,315
7909,437
7910,204
7911,302
7912,366
7913,311
7914,480
7915,403
7916,406
7917,187
7918,250
7919,120
7920,460
7921,434
7922,290
7923,66
7924,10
7925,19
7926,278
7927,133
7928,306
7929,382
7930,349
7931,487
7932,483
7933,127
7934,245
7935,88
7936,360
7937,268
7938,91
7939,73
7940,244
7941,69
7942,468
7943,365
7944,91
7945,443
7946,19
7947,114
7948,117
7949,28
7950,2
7951,351
7952,497
7953,449
7954,315
7955,439
7956,261
7957,338
7958,349
7959,330
7960,415
7961,428
7962,470
7963,240
7964,203
7965,69
7966,47
7967,198
7968,354
7969,454
7970,260
7971,265
7972,364
7973,449
7974,293
7975,91
7976,373
7977,349
7978,463
7979,214
7980,91
7981,481
7982,435
7983,411
7984,311
7985,190
7986,172
7987,63
7988,351
7989,459
7990,251
7991,349
7992,132
7993,52
7994,19
7995,314
7996,156
7997,351
7998,277
7999,328
8000,147
8001,203
8002,7
8003,190
8004,287
8005,487
8006,132
8007,137
8008,52
8009,264
8010,236
8011,390
8012,470
8013,471
8014,176
8015,39
8016,152
8017,7
8018,354
8019,353
8020,363
8021,181
8022,9
8023,145
8024,468
8025,364
8026,88
8027,349
8028,34
8029,37
8030,254
8031,91
8032,351
8033,95
8034,271
8035,173
8036,16
8037,290
8038,129
8039,311
8040,56
8041,91
8042,293
8043,4
8044,132
8045,133
8046,111
8047,61
8048,312
8049,361
8050,362
8051,366
8052,351
8053,211
8054,18
8055,165
8056,32
8057,366
8058,351
8059,95
8060,133
8061,316
8062,147
8063,59
8064,43
8065,367
8066,498
8067,376
8068,277
8069,58
8070,470
8071,120
8072,440
8073,449
8074,175
8075,188
8076,414
8077,54
8078,389
8079,21
8080,2
8081,426
8082,439
8083,418
8084,319
8085,349
8086,425
8087,349
8088,398
8089,338
8090,442
8091,363
8092,0
8093,36
8094,495
8095,157
8096,91
8097,419
8098,483
8099,403
8100,287
8101,489
8102,73
8103,480
8104,9
8105,494
